Name,Email,Phone,Website,Type,Location,Tags
Walton Financial Group Inc,info@waltonfinancial.ca,+1 705-733-5200,https://waltonfinancial.ca/,Financial Planner,Barrie,Referral Partner
Dunbrook Associates,admin@dunbrook.ca,(866) 730-7598,https://dunbrook.ca/,Financial Planner,Barrie,Referral Partner
Jeffery Cook - Walton Financial Group Inc.,info@waltonfinancial.ca,+1 705-896-0856,http://www.waltonfinancial.ca/our-team/jeff-cook/,Financial Planner,Barrie,Referral Partner
Seven Elements Wealth Planning Inc.,hello@sevenwealth.ca,+1 705-812-1322,http://www.sevenwealth.ca/,Financial Planner,Barrie,Referral Partner
Tayler Insurance & Estate Planning,ttayler@taylerinsurance.com,+1 705-733-3338,https://www.taylerinsurance.com/,Financial Planner,Barrie,Referral Partner
Financial Design Team Inc.,melanie.adams@sunlife.com,+1 705-252-9010,https://advisor.sunlife.ca/melanie.adams/,Financial Planner,Barrie,Referral Partner
Plan With Trevor Insurance And Investments,trevor@planwithtrevor.ca,+1 705-500-7526,https://planwithtrevor.ca/,Financial Planner,Barrie,Referral Partner
Wealth Achievers,jason@wealthachievers.ca,+1 705-818-4653,https://wealthachievers.ca/,Financial Planner,Barrie,Referral Partner
Edward Jones - Financial Advisor: Sandra Yaquo,john.smith@gmail.com,+1 705-996-5024,https://www.edwardjones.ca/ca-en/financial-advisor/sandra-yaquo?y_source=1_MTU0OTQ0OTEtNzE1LWxvY2F0aW9uLndlYnNpdGU%3D,Financial Planner,Barrie,Referral Partner
Scott McEachern - Insurance and Financial Services,scottmce@csolve.net,+1 705-733-9385,http://www.mceachernfinancial.ca/,Financial Planner,Barrie,Referral Partner
RBC Dominion Securities - Investment Advisor: Alan (AJ) Pieprzak - Barrie,Alan.Pieprzak@rbc.com,+1 705-796-8352,http://www.alanpieprzak.ca/,Financial Planner,Barrie,Referral Partner
A. Jones Wealth & Estate Planning Inc.,officeadmin@ajwep.ca,+1 705-721-0450,https://aljones.ca/,Financial Planner,Barrie,Referral Partner
Michael Kostrich CPA Professional Corporation,mike@kostrich.ca,+1 705-735-9950,http://kostrich.ca/,Accountant,Barrie,Referral Partner
"Catherine Barrie CPA, MBA, TEP",info@catherinebarrie.ca,+1 705-719-7778,https://catherinebarrie.com/,Accountant,Barrie,Referral Partner
Accountor CPA Accounting Bookkeeping and Tax Experts,info@accountor.ca,+1 705-315-0293,https://accountor.ca/?utm_source=google&utm_medium=organic&utm_campaign=google_my_business_barrie,Accountant,Barrie,Referral Partner
Strathdee Polley & Co.,Rebecca@spco.ca,+1 705-737-0983,http://www.spco.ca/,Accountant,Barrie,Referral Partner
Smith Sykes Leeper & Tunstall LLP,info@sslgroup.ca,+1 705-739-7566,http://www.sslgroup.ca/,Accountant,Barrie,Referral Partner
York Simcoe Accounting Inc,info@yorksimcoe.com,+1 705-726-9544,http://www.yorksimcoe.com/,Accountant,Barrie,Referral Partner
Business Solutions,debra@BusinessSolutionsBarrie.com,+1 705-725-0336,http://www.businesssolutionsbarrie.com/,Accountant,Barrie,Referral Partner
Iannello and Associates Professional Corporation,info@iannellocpa.com,+1 705-300-2349,https://iannellocpa.com/,Accountant,Barrie,Referral Partner
BFC Tax Accountants,info@bfc.tax,+1 705-300-6935,https://bfc.tax/,Accountant,Barrie,Referral Partner
Powell Jones LLP,info@powelljones.ca,+1 705-728-7461,https://www.powelljones.ca/,Accountant,Barrie,Referral Partner
Dalcourt Accounting Services - Chartered Professional Accountant,info@barriedalcourt.com,+1 705-728-4939,https://barriedalcourt.com/,Accountant,Barrie,Referral Partner
York Simcoe Accounting Inc,info@yorksimcoe.com,+1 705-726-9544,http://www.yorksimcoe.com/,Accountant,Simcoe County,Referral Partner
Padgett South Simcoe,padgettsouthsimcoe@outlook.com,+1 705-410-3641,https://southsimcoe.smallbizpros.ca/,Accountant,Simcoe County,Referral Partner
Brock Simcoe Accounting,canningtonclients@wgscma.ca,+1 705-329-2570,http://www.wgscma.ca/,Accountant,Simcoe County,Referral Partner
Michael Kostrich CPA Professional Corporation,mike@kostrich.ca,+1 705-735-9950,http://kostrich.ca/,Accountant,Simcoe County,Referral Partner
Smith Sykes Leeper & Tunstall LLP,info@sslgroup.ca,+1 705-739-7566,http://www.sslgroup.ca/,Accountant,Simcoe County,Referral Partner
"Catherine Barrie CPA, MBA, TEP",info@catherinebarrie.ca,+1 705-719-7778,https://catherinebarrie.com/,Accountant,Simcoe County,Referral Partner
Morrison CPA Professional Corporation,info@morrisoncpa.ca,+1 705-436-9322,https://www.morrisoncpa.ca/,Accountant,Simcoe County,Referral Partner
"Nadeem Dean, CPA",nadeem@deanaccounting.ca,+1 416-302-2502,http://www.deanaccounting.ca/,Accountant,Simcoe County,Referral Partner
Accountor CPA Accounting Bookkeeping and Tax Experts,info@accountor.ca,+1 705-315-0293,https://accountor.ca/?utm_source=google&utm_medium=organic&utm_campaign=google_my_business_barrie,Accountant,Simcoe County,Referral Partner
Simcoe Tax Service,filler@godaddy.com,+1 705-796-4625,http://simcoetaxservice.ca/,Accountant,Simcoe County,Referral Partner
SGCPA Professional Corporation,info@sgcpapro.com,+1 705-428-2171,https://sgcpapro.com/,Accountant,Simcoe County,Referral Partner
"Clearview Professional Corporation, Chartered Professional Accountant",info@clearviewprofessionalcorporation.ca,+1 437-291-9168,https://clearviewprofessionalcorporation.ca/,Accountant,Simcoe County,Referral Partner
Whitton Accounting Services,whitton@kwic.com,+1 519-426-4447,http://whittonaccountingservices.ca/,Accountant,Simcoe County,Referral Partner
Dely & Associates,office@delyaccounting.ca,+1 519-426-8555,https://delyaccounting.ca/,Accountant,Simcoe County,Referral Partner
Natasha Richardson CPA Professional Corporation,info@nhrcpa.ca,+1 289-470-1334,http://www.nhrcpa.ca/,Accountant,Simcoe County,Referral Partner
Tyler Horton - BMO Financial Planner,BurgundyCompliance@burgundyasset.com,+1 519-426-1152,https://financialplanner.bmo.com/on/simcoe/TYLER-23NSSS/,Financial Planner,Simcoe County,Referral Partner
Simcoe Wealth | Manulife Wealth Inc.,josh.krar@manulifewealth.ca,+1 705-734-0480,http://www.simcoewealth.com/,Financial Planner,Simcoe County,Referral Partner
Walton Financial Group Inc,info@waltonfinancial.ca,+1 705-733-5200,https://waltonfinancial.ca/,Financial Planner,Simcoe County,Referral Partner
Dunbrook Associates,admin@dunbrook.ca,(866) 730-7598,https://dunbrook.ca/,Financial Planner,Simcoe County,Referral Partner
Seven Elements Wealth Planning Inc.,hello@sevenwealth.ca,+1 705-812-1322,http://www.sevenwealth.ca/,Financial Planner,Simcoe County,Referral Partner
"Edward Jones - Financial Advisor: Jane Bradley, CEA®|DFSA™",john.smith@gmail.com,+1 519-900-0463,https://www.edwardjones.ca/ca-en/financial-advisor/jane-bradley?y_source=1_MTYyMDUxNjQtNzE1LWxvY2F0aW9uLndlYnNpdGU%3D,Financial Planner,Simcoe County,Referral Partner
Jeffery Cook - Walton Financial Group Inc.,info@waltonfinancial.ca,+1 705-896-0856,http://www.waltonfinancial.ca/our-team/jeff-cook/,Financial Planner,Simcoe County,Referral Partner
Financial Design Team Inc.,melanie.adams@sunlife.com,+1 705-252-9010,https://advisor.sunlife.ca/melanie.adams/,Financial Planner,Simcoe County,Referral Partner
Fortuna Financial Group,ravella@fortunafg.ca,+1 705-720-1475,http://fortunafinancialgroup.ca/,Financial Planner,Simcoe County,Referral Partner
Georgian Shores Wealth Management - Larry Buckley,info@rrspman.com,+1 705-526-7526,https://www.rrspman.com/,Financial Planner,Simcoe County,Referral Partner
McKay Insurance & Financial Services Inc,mckay.financial.services@sunlife.com,+1 519-426-4595,https://advisor.sunlife.ca/mckay.financial.services/,Financial Planner,Simcoe County,Referral Partner
A. Jones Wealth & Estate Planning Inc.,officeadmin@ajwep.ca,+1 705-721-0450,https://aljones.ca/,Financial Planner,Simcoe County,Referral Partner
Lilley Financial Group,info@lilleyfinancial.ca,+1 705-835-7542,https://lilleyfg.ca/,Financial Planner,Simcoe County,Referral Partner
Merrick Financial | Advice Only Financial Planners,info@merrickfinancial.ca,+1 437-320-1672,http://www.merrickfinancial.ca/,Financial Planner,GTA,Referral Partner
Objective Financial Partners Inc.,info@objectivecfp.com,+1 416-691-8471,http://objectivefinancialpartners.com/,Financial Planner,GTA,Referral Partner
Stonewater Financial Group,dave.giles@sunlife.com,+1 647-884-3533,https://advisor.sunlife.ca/stonewater.financial.group,Financial Planner,GTA,Referral Partner
Novel Wealth,novel@novel-wealth.com,+1 416-203-9500,https://www.novel-wealth.com/,Financial Planner,GTA,Referral Partner
The McClelland Financial Group,tmfg@assante.com,+1 905-771-5200,https://tmfg.ca/?utm_source=google&utm_medium=organic&utm_campaign=GMB,Financial Planner,GTA,Referral Partner
Flatiron Wealth Management Inc.,andrew@flatironwealth.com,+1 416-363-8880,http://www.flatironwealth.com/,Financial Planner,GTA,Referral Partner
Wealth & Estate Financial Canada Inc.,seema.sharma@wefci.com,+1 905-232-9332,http://wefci.com/,Financial Planner,GTA,Referral Partner
Buxton Financial For Retirement,letschat@buxtonfinancial.ca,+1 416-628-4502,http://www.buxtonfinancial.ca/,Financial Planner,GTA,Referral Partner
Legacy Financial,info@legacy-financial.ca,+1 416-738-9721,http://www.legacy-financial.ca/,Financial Planner,GTA,Referral Partner
Shah Financial Planning Inc.,info@shahfinancial.ca,+1 905-669-5000,http://www.shahfinancial.ca/,Financial Planner,GTA,Referral Partner
Vida Financial Group Inc.,hello@vidafg.ca,+1 647-725-9663,http://www.vidafg.ca/,Financial Planner,GTA,Referral Partner
Hudson Wealth & Trust Planning Group Inc - John Lysack,contact@hudsonwealth.ca,+1 647-403-4233,https://hudsonwealth.ca/,Financial Planner,GTA,Referral Partner
"Anna Knight, CFP - Personal Finance Experts & Founder Simplicity Financial Financial Advisor / Desjardins Independent Network",info@simplicityfinancial.ca,+1 905-276-9456 ext. 4422,http://www.simplicityfinancial.ca/,Financial Planner,GTA,Referral Partner
Bellwether Family Wealth | North York | Beaches Financial Group,beaches@bellvest.ca,+1 416-690-0911,http://www.bellvest.ca/family-wealth-beaches/,Financial Planner,GTA,Referral Partner
Pinnacle Reliance Financial Planning Inc.,jun.chen@pinnaclereliance.com,+1 647-919-2129,http://www.pinnaclereliance.com/,Financial Planner,GTA,Referral Partner
GTA Professional Accounting,tax@gtaaccounting.ca,+1 416-900-3826,https://www.gtaaccounting.ca/tax-accountant-toronto,Accountant,GTA,Referral Partner
GTA Accounting Downtown Toronto,tax@gtaaccounting.ca,+1 416-900-3826,https://www.gtaaccounting.ca/downtown-toronto/,Accountant,GTA,Referral Partner
GTA Accounting Mississauga,tax@gtaaccounting.ca,+1 416-900-3826,https://www.gtaaccounting.ca/tax-accountant-mississauga/,Accountant,GTA,Referral Partner
Ontario Tax Services & Accounting Solutions,tax@otsas.ca,+1 416-901-0500,https://ontariotaxaccounting.ca/,Accountant,GTA,Referral Partner
Faris CPA,info@fariscpa.com,(844) 340-5771,https://fariscpa.com//?utm_source=GMB&utm_medium=organic&utm_campaign=gmb-website,Accountant,GTA,Referral Partner
Leonard Tam CPA Team - Toronto Small Business Accountant,//www.google.com/maps/place/Leonard+Tam+CPA+Team+-+Toronto+Small+Business+Accountant/@43.7792863,+1 437-500-6494,http://leonardtam.com/?utm_source=google&utm_medium=organic&utm_campaign=gmb,Accountant,GTA,Referral Partner
"Orbit Accountants Toronto, Canada",info@orbitaccountants.ca,(844) 654-2889,https://orbitaccountants.ca/local/toronto-bookkeeping,Accountant,GTA,Referral Partner
Filing Taxes | Accountant Toronto,tax@filingtaxes.ca,+1 416-479-8532,https://filingtaxes.ca/,Accountant,GTA,Referral Partner
Tax & Accounting - Arvind Grover CPA PC,tax@arvindcpa.com,+1 647-401-1700,https://arvindcpa.com/,Accountant,GTA,Referral Partner
SAL ACCOUNTING,tax@salaccounting.ca,+1 416-848-8470,http://salaccounting.ca/?&utm_source=google&utm_medium=organic&utm_campaign=gbp-toronto-website-link,Accountant,GTA,Referral Partner
Gondaliya CPA | AFFORDABLE Corporation Tax Accountant | Affordable Accounting Firm for Corporate Tax Filing,info@gondaliyacpa.ca,+1 647-212-9559,http://gondaliyacpa.ca/,Accountant,GTA,Referral Partner
SAL ACCOUNTING,tax@salaccounting.ca,+1 416-848-8470,https://salaccounting.ca/mississauga/?&utm_source=google&utm_medium=organic&utm_campaign=gbp-mississauga-website-link,Accountant,GTA,Referral Partner
Optimal Accounting & Tax Solutions,info@optimaltax.ca,+1 416-887-2122,http://www.optimaltax.ca/,Accountant,GTA,Referral Partner
Maroof HS CPA Professional Corporation,Canada@MaroofHS.com,+1 647-724-4308,http://www.maroofhs.com/,Accountant,GTA,Referral Partner
MiAccounting & Income Tax Inc.,info@miaccounting.ca,+1 647-727-9684,https://www.miaccounting.ca/,Accountant,GTA,Referral Partner
CPA4IT,contact@cpa4it.ca,(844) 731-0601,https://cpa4it.ca/contact/?utm_source=google&utm_medium=organic&utm_campaign=gmb,Accountant,GTA,Referral Partner
Muhammad Nasrullah CPA Professional Corporation,muhammad@nasrullahcga.com,+1 416-748-0817,https://nasrullahcga.com/,Accountant,GTA,Referral Partner
