Category,Name,Address,Phone,Email,Website,Rating,Reviews,Google Maps URL
Financial Planners - Barrie,Walton Financial Group Inc,"126 Wellington St W #202, Barrie, ON L4N 1K9, Canada",+1 705-733-5200,info@waltonfinancial.ca,https://waltonfinancial.ca/,5,276,https://www.google.com/maps/search/?api=1&query=Walton%20Financial%20Group%20Inc&query_place_id=ChIJc3WvHTSYKogR42YddB_0bC0
Financial Planners - Barrie,Dunbrook Associates,"150 Dunlop St E #206, Barrie, ON L4M 6H1, Canada",(866) 730-7598,admin@dunbrook.ca,https://dunbrook.ca/,4.9,91,https://www.google.com/maps/search/?api=1&query=Dunbrook%20Associates&query_place_id=ChIJg_7UnueiKogRPmo4y6ONk1Y
Financial Planners - Barrie,Jeffery Cook - Walton Financial Group Inc.,"126 Wellington St W Suite 202, Barrie, ON L4M 1K9, Canada",+1 705-896-0856,info@waltonfinancial.ca,http://www.waltonfinancial.ca/our-team/jeff-cook/,5,12,https://www.google.com/maps/search/?api=1&query=Jeffery%20Cook%20-%20Walton%20Financial%20Group%20Inc.&query_place_id=ChIJmcJYOLqjKogRmsbr-HGF9wA
Financial Planners - Barrie,Atlantis Financial Inc. / Aligned Capital Partners Inc.,"48 Alliance Blvd Suite 201, Barrie, ON L4M 5K3, Canada",+1 705-726-6884,,http://www.atlantisfinancial.ca/,4.9,10,https://www.google.com/maps/search/?api=1&query=Atlantis%20Financial%20Inc.%20%2F%20Aligned%20Capital%20Partners%20Inc.&query_place_id=ChIJ6VEUwxGjKogRlJHs76K1w40
Financial Planners - Barrie,Seven Elements Wealth Planning Inc.,"150 Dunlop St E Suite 201, Barrie, ON L4M 6H1, Canada",+1 705-812-1322,hello@sevenwealth.ca,http://www.sevenwealth.ca/,5,31,https://www.google.com/maps/search/?api=1&query=Seven%20Elements%20Wealth%20Planning%20Inc.&query_place_id=ChIJKRiiNNajKogRTmqB7mbrGpE
Financial Planners - Barrie,Gane Financial,"80 Mary St, Barrie, ON L4N 1T1, Canada",+1 705-733-9595,,http://ganefinancial.com/,5,80,https://www.google.com/maps/search/?api=1&query=Gane%20Financial&query_place_id=ChIJ51pRjCmjKogRag650oJVJ9Q
Financial Planners - Barrie,Tayler Insurance & Estate Planning,"181 Dunlop St W, Barrie, ON L4N 1B4, Canada",+1 705-733-3338,ttayler@taylerinsurance.com,https://www.taylerinsurance.com/,5,22,https://www.google.com/maps/search/?api=1&query=Tayler%20Insurance%20%26%20Estate%20Planning&query_place_id=ChIJHRoF0dSiKogR4oqLJonb4Ck
Financial Planners - Barrie,Spectrum Financial Strategies Inc,"134 Collier St, Barrie, ON L4M 1H4, Canada",+1 705-725-0562,,http://spectrumfinancial.ca/,5,4,https://www.google.com/maps/search/?api=1&query=Spectrum%20Financial%20Strategies%20Inc&query_place_id=ChIJx9tZvJG8KogRKwFWlHSufQI
Financial Planners - Barrie,Financial Design Team Inc.,"258 Bayfield St, Barrie, ON L4M 3B7, Canada",+1 705-252-9010,melanie.adams@sunlife.com,https://advisor.sunlife.ca/melanie.adams/,4.8,18,https://www.google.com/maps/search/?api=1&query=Financial%20Design%20Team%20Inc.&query_place_id=ChIJ8VRwdtiiKogROcP4udkR8J8
Financial Planners - Barrie,Podium Prosperity Group,"54 Cedar Pointe Dr #1207, Barrie, ON L4N 5R7, Canada",+1 705-915-0200,,http://podiumprosperity.com/,5,22,https://www.google.com/maps/search/?api=1&query=Podium%20Prosperity%20Group&query_place_id=ChIJ0btMoy6jKogR-DuD5hGn3oI
Financial Planners - Barrie,Plan With Trevor Insurance And Investments,"49 High St, Barrie, ON L4N 5J4, Canada",+1 705-500-7526,trevor@planwithtrevor.ca,https://planwithtrevor.ca/,5,86,https://www.google.com/maps/search/?api=1&query=Plan%20With%20Trevor%20Insurance%20And%20Investments&query_place_id=ChIJR_ZaMgCjKogRDlOITsMBQeg
Financial Planners - Barrie,Wealth Achievers,"128 Wellington St W Suite 201, Barrie, ON L4N 8J6, Canada",+1 705-818-4653,jason@wealthachievers.ca,https://wealthachievers.ca/,4.1,9,https://www.google.com/maps/search/?api=1&query=Wealth%20Achievers&query_place_id=ChIJN7pHn2mjKogRdRN2QUBMwg8
Financial Planners - Barrie,Edward Jones - Financial Advisor: Sandra Yaquo,"411 Huronia Rd Unit 3, Barrie, ON L4N 9B3, Canada",+1 705-996-5024,"john.smith@gmail.com, accessibility@edwardjones.com",https://www.edwardjones.ca/ca-en/financial-advisor/sandra-yaquo?y_source=1_MTU0OTQ0OTEtNzE1LWxvY2F0aW9uLndlYnNpdGU%3D,5,16,https://www.google.com/maps/search/?api=1&query=Edward%20Jones%20-%20Financial%20Advisor%3A%20Sandra%20Yaquo&query_place_id=ChIJ97u6f769KogRovsYzsIvWsA
Financial Planners - Barrie,Sarah Stewart - TD Financial Planner,"624 Yonge St, Barrie, ON L4N 4E6, Canada",+1 705-727-1704,,http://financialplanners.td.com/sarah.stewart?utm_source=GMB&utm_medium=Local&utm_campaign=Yext&y_source=1_MzI0NTU4My03MTUtbG9jYXRpb24ud2Vic2l0ZQ%3D%3D,5,1,https://www.google.com/maps/search/?api=1&query=Sarah%20Stewart%20-%20TD%20Financial%20Planner&query_place_id=ChIJ3xwuBvKiKogRi7FjhMOOt6c
Financial Planners - Barrie,Bayside Financial,"121 Wellington St W Unit# 305, Barrie, ON L4N 1L2, Canada",+1 705-737-5220,,https://www.baysidefinancial.ca/,5,53,https://www.google.com/maps/search/?api=1&query=Bayside%20Financial&query_place_id=ChIJ8yBgkxy9KogRSRC8ie4MDa0
Financial Planners - Barrie,Scott McEachern - Insurance and Financial Services,"134 Collier St, Barrie, ON L4M 1H4, Canada",+1 705-733-9385,scottmce@csolve.net,http://www.mceachernfinancial.ca/,5,26,https://www.google.com/maps/search/?api=1&query=Scott%20McEachern%20-%20Insurance%20and%20Financial%20Services&query_place_id=ChIJx9tZvJG8KogRH-Xi8RSCuzM
Financial Planners - Barrie,RBC Dominion Securities - Investment Advisor: Alan (AJ) Pieprzak - Barrie,"11 Victoria St Suite 100, Barrie, ON L4N 3A3, Canada",+1 705-796-8352,Alan.Pieprzak@rbc.com,http://www.alanpieprzak.ca/,5,13,https://www.google.com/maps/search/?api=1&query=RBC%20Dominion%20Securities%20-%20Investment%20Advisor%3A%20Alan%20(AJ)%20Pieprzak%20-%20Barrie&query_place_id=ChIJ0xKJnQC9KogR-e1PdEBOeqY
Financial Planners - Barrie,Infinite Financial,"387 Mapleview Dr W, Barrie, ON L4N 9G4, Canada",+1 705-797-4941,,http://infinitefinancial.ca/,5,28,https://www.google.com/maps/search/?api=1&query=Infinite%20Financial&query_place_id=ChIJr_4O2y29KogRjP77dIFDtOY
Financial Planners - Barrie,A. Jones Wealth & Estate Planning Inc.,"40 Clapperton St, Barrie, ON L4M 3E7, Canada",+1 705-721-0450,officeadmin@ajwep.ca,https://aljones.ca/,5,1,https://www.google.com/maps/search/?api=1&query=A.%20Jones%20Wealth%20%26%20Estate%20Planning%20Inc.&query_place_id=ChIJwZUrLCmjKogRi8E14x_smpQ
Financial Planners - Barrie,IG Wealth Management,"55 Mulcaster St Suite 420, Barrie, ON L4M 0J4, Canada",+1 705-719-6773,,https://www.ig.ca/en/office/BarrieYork-Simcoe,4.6,7,https://www.google.com/maps/search/?api=1&query=IG%20Wealth%20Management&query_place_id=ChIJDR_h-za8KogRlFB-QzcHxqQ
Accountants - Barrie,Michael Kostrich CPA Professional Corporation,"11 Victoria St #220, Barrie, ON L4N 6T3, Canada",+1 705-735-9950,mike@kostrich.ca,http://kostrich.ca/,4.7,40,https://www.google.com/maps/search/?api=1&query=Michael%20Kostrich%20CPA%20Professional%20Corporation&query_place_id=ChIJSyuRQtS8KogRIsSP6FwI7hY
Accountants - Barrie,"Catherine Barrie CPA, MBA, TEP","78 Mary St, Barrie, ON L4N 1T1, Canada",+1 705-719-7778,info@catherinebarrie.ca,https://catherinebarrie.com/,4.8,18,https://www.google.com/maps/search/?api=1&query=Catherine%20Barrie%20CPA%2C%20MBA%2C%20TEP&query_place_id=ChIJN9aHpV2jKogRWOi1-Kn8H6s
Accountants - Barrie,Accountor CPA Accounting Bookkeeping and Tax Experts,"25 Hart Dr Unit 14B, Barrie, ON L4N 5R8, Canada",+1 705-315-0293,info@accountor.ca,https://accountor.ca/?utm_source=google&utm_medium=organic&utm_campaign=google_my_business_barrie,5,59,https://www.google.com/maps/search/?api=1&query=Accountor%20CPA%20Accounting%20Bookkeeping%20and%20Tax%20Experts&query_place_id=ChIJKQU1Nc69KogRVhrfxa_05D8
Accountants - Barrie,Strathdee Polley & Co.,"149 Welham Rd #16, Barrie, ON L4N 8Y3, Canada",+1 705-737-0983,"Rebecca@spco.ca, Michael@spco.ca",http://www.spco.ca/,4.9,57,https://www.google.com/maps/search/?api=1&query=Strathdee%20Polley%20%26%20Co.&query_place_id=ChIJ2RIy-CijKogRLCPzr8BLZcI
Accountants - Barrie,Accounting House Professional Accountants,"494 Veterans Dr Unit 4, Barrie, ON L4N 9J5, Canada",+1 705-726-1009,,http://www.accthouse.ca/,5,43,https://www.google.com/maps/search/?api=1&query=Accounting%20House%20Professional%20Accountants&query_place_id=ChIJOYkgF7m9KogRhLJKtlMPV60
Accountants - Barrie,Rose Tax & Accounting Service,"49 Essa Rd, Barrie, ON L4N 3K4, Canada",+1 705-721-1084,,https://www.rosetaxservice.com/,4.1,252,https://www.google.com/maps/search/?api=1&query=Rose%20Tax%20%26%20Accounting%20Service&query_place_id=ChIJtR2N5bWiKogRZoDehDk84ho
Accountants - Barrie,Bayside Financial,"121 Wellington St W Unit# 305, Barrie, ON L4N 1L2, Canada",+1 705-737-5220,,https://www.baysidefinancial.ca/,5,53,https://www.google.com/maps/search/?api=1&query=Bayside%20Financial&query_place_id=ChIJ8yBgkxy9KogRSRC8ie4MDa0
Accountants - Barrie,Debbie Sitzer Professional Corporation,"250 Bayview Dr #9, Barrie, ON L4N 4Y8, Canada",+1 705-735-2550,,http://www.debbiesitzer.com/,4.8,34,https://www.google.com/maps/search/?api=1&query=Debbie%20Sitzer%20Professional%20Corporation&query_place_id=ChIJRfiQZz69KogRkBaXayj-ivU
Accountants - Barrie,Smith Sykes Leeper & Tunstall LLP,"660 Bayview Dr, Barrie, ON L4N 9P5, Canada",+1 705-739-7566,"info@sslgroup.ca, faith.macintyre@sslgroup.ca, anne.ffrench@sslgroup.ca",http://www.sslgroup.ca/,4.7,14,https://www.google.com/maps/search/?api=1&query=Smith%20Sykes%20Leeper%20%26%20Tunstall%20LLP&query_place_id=ChIJwZJK8EO8KogRVhi9nJwXMCE
Accountants - Barrie,Rumley Holmes LLP,"47 Harley Ct #7, Barrie, ON L4N 8V4, Canada",+1 705-722-4272,,https://www.rhpartners.ca/,4.2,15,https://www.google.com/maps/search/?api=1&query=Rumley%20Holmes%20LLP&query_place_id=ChIJtfZKzTGjKogRYyxKNmmSgTM
Accountants - Barrie,York Simcoe Accounting Inc,"7 Sophia St W, Barrie, ON L4N 1H9, Canada",+1 705-726-9544,"info@yorksimcoe.com, sarah@yorksimcoe.com, matt@yorksimcoe.com",http://www.yorksimcoe.com/,4.8,21,https://www.google.com/maps/search/?api=1&query=York%20Simcoe%20Accounting%20Inc&query_place_id=ChIJQf11GjK9KogRcqX0xj5OtW4
Accountants - Barrie,Business Solutions,"215 Mary Anne Dr, Barrie, ON L4N 4T1, Canada",+1 705-725-0336,"debra@BusinessSolutionsBarrie.com, info@apextechnol.com",http://www.businesssolutionsbarrie.com/,5,153,https://www.google.com/maps/search/?api=1&query=Business%20Solutions&query_place_id=ChIJYbxWm0a8KogR17owEvNEnK8
Accountants - Barrie,Diamond Tree Accounting | Barrie,"3 Sophia St E, Barrie, ON L4M 1Y3, Canada",+1 705-720-1955,,http://www.diamondtreeaccounting.com/?utm_source=gmblisting&utm_medium=organic&utm_campaign=gmb,3.9,37,https://www.google.com/maps/search/?api=1&query=Diamond%20Tree%20Accounting%20%7C%20Barrie&query_place_id=ChIJ16vN1yijKogRDlWkb07Mev4
Accountants - Barrie,Iannello and Associates Professional Corporation,"162 King St 2nd floor, Barrie, ON L4N 6L2, Canada",+1 705-300-2349,info@iannellocpa.com,https://iannellocpa.com/,4.9,31,https://www.google.com/maps/search/?api=1&query=Iannello%20and%20Associates%20Professional%20Corporation&query_place_id=ChIJ4TXHUBy9KogRK4zvdd9LjZY
Accountants - Barrie,BDO Canada LLP - Barrie,"300 Lakeshore Dr #300, Barrie, ON L4N 4C3, Canada",+1 705-726-6331,,https://www.bdo.ca/locations/bdo-barrie/?utm_source=google&utm_medium=organic&utm_campaign=local&utm_content=300LakeshoreDrBarrie,4.2,21,https://www.google.com/maps/search/?api=1&query=BDO%20Canada%20LLP%20-%20Barrie&query_place_id=ChIJCYeTzbm8KogRI2h41hzYqPw
Accountants - Barrie,BFC Tax Accountants,"49 High St, Barrie, ON L4N 5J4, Canada",+1 705-300-6935,info@bfc.tax,https://bfc.tax/,4.7,19,https://www.google.com/maps/search/?api=1&query=BFC%20Tax%20Accountants&query_place_id=ChIJdZmLdG-jLIgRDBByb3mRJOk
Accountants - Barrie,Powell Jones LLP,"121 Anne St S, Barrie, ON L4N 7B6, Canada",+1 705-728-7461,"info@powelljones.ca, lnoonan@powelljones.ca",https://www.powelljones.ca/,3.7,9,https://www.google.com/maps/search/?api=1&query=Powell%20Jones%20LLP&query_place_id=ChIJkaDyNia9KogRZgFeqFXmNAE
Accountants - Barrie,Dalcourt Accounting Services - Chartered Professional Accountant,"78 Mary St, Barrie, ON L4N 1T1, Canada",+1 705-728-4939,info@barriedalcourt.com,https://barriedalcourt.com/,5,8,https://www.google.com/maps/search/?api=1&query=Dalcourt%20Accounting%20Services%20-%20Chartered%20Professional%20Accountant&query_place_id=ChIJ4Y5z7Dy9KogRJkISVCkqim4
Accountants - Barrie,Jonathan Audette Professional Corporation,"11 Ferris Ln Suite 304, Barrie, ON L4M 3B3, Canada",+1 705-816-4462,,http://www.audetteaccounting.ca/,5,13,https://www.google.com/maps/search/?api=1&query=Jonathan%20Audette%20Professional%20Corporation&query_place_id=ChIJI-dfiS29KogRywXXXNMVCDw
Accountants - Barrie,Gold Bright Moneymatters,,+1 647-394-3270,,https://www.gbmoneymatrs.ca/,5,70,https://www.google.com/maps/search/?api=1&query=Gold%20Bright%20Moneymatters&query_place_id=ChIJj_uvblnVNKgRwGPKxz0KpC4
Accountants - Simcoe County,York Simcoe Accounting Inc,"7 Sophia St W, Barrie, ON L4N 1H9, Canada",+1 705-726-9544,"info@yorksimcoe.com, sarah@yorksimcoe.com, matt@yorksimcoe.com",http://www.yorksimcoe.com/,4.8,21,https://www.google.com/maps/search/?api=1&query=York%20Simcoe%20Accounting%20Inc&query_place_id=ChIJQf11GjK9KogRcqX0xj5OtW4
Accountants - Simcoe County,Padgett South Simcoe,"339 Mill St, Angus, ON L3W 0E2, Canada",+1 705-410-3641,"padgettsouthsimcoe@outlook.com, webmaster@smallbizpros.com",https://southsimcoe.smallbizpros.ca/,4.6,18,https://www.google.com/maps/search/?api=1&query=Padgett%20South%20Simcoe&query_place_id=ChIJT4N7sS2SKogRAK-2H4sSXS4
Accountants - Simcoe County,Brock Simcoe Accounting,"3 Progress Dr, Orillia, ON L3V 0T7, Canada",+1 705-329-2570,"canningtonclients@wgscma.ca, orilliaclients@wgscma.ca, contact@wgscma.ca",http://www.wgscma.ca/,4.5,2,https://www.google.com/maps/search/?api=1&query=Brock%20Simcoe%20Accounting&query_place_id=ChIJjQ352lmpKk0RKP_KQVST34g
Accountants - Simcoe County,Michael Kostrich CPA Professional Corporation,"11 Victoria St #220, Barrie, ON L4N 6T3, Canada",+1 705-735-9950,mike@kostrich.ca,http://kostrich.ca/,4.7,40,https://www.google.com/maps/search/?api=1&query=Michael%20Kostrich%20CPA%20Professional%20Corporation&query_place_id=ChIJSyuRQtS8KogRIsSP6FwI7hY
Accountants - Simcoe County,Smith Sykes Leeper & Tunstall LLP,"660 Bayview Dr, Barrie, ON L4N 9P5, Canada",+1 705-739-7566,"info@sslgroup.ca, faith.macintyre@sslgroup.ca, anne.ffrench@sslgroup.ca",http://www.sslgroup.ca/,4.7,14,https://www.google.com/maps/search/?api=1&query=Smith%20Sykes%20Leeper%20%26%20Tunstall%20LLP&query_place_id=ChIJwZJK8EO8KogRVhi9nJwXMCE
Accountants - Simcoe County,"Catherine Barrie CPA, MBA, TEP","78 Mary St, Barrie, ON L4N 1T1, Canada",+1 705-719-7778,info@catherinebarrie.ca,https://catherinebarrie.com/,4.8,18,https://www.google.com/maps/search/?api=1&query=Catherine%20Barrie%20CPA%2C%20MBA%2C%20TEP&query_place_id=ChIJN9aHpV2jKogRWOi1-Kn8H6s
Accountants - Simcoe County,Simcoe Bookkeeping & Tax relief,"74 Curtis St, Angus, ON L0M 1B0, Canada",+1 705-797-4924,,,5,20,https://www.google.com/maps/search/?api=1&query=Simcoe%20Bookkeeping%20%26%20Tax%20relief&query_place_id=ChIJAVuGzy-SKogRNpUYXmDSwi4
Accountants - Simcoe County,Morrison CPA Professional Corporation,"1895 Commerce Park Dr, Innisfil, ON L9S 4A2, Canada",+1 705-436-9322,"info@morrisoncpa.ca, %20info@morrisoncpa.ca, pmorrison@morrisoncpa.ca",https://www.morrisoncpa.ca/,4.8,28,https://www.google.com/maps/search/?api=1&query=Morrison%20CPA%20Professional%20Corporation&query_place_id=ChIJfTeCbbi-KogRQ9jpD4bzlEM
Accountants - Simcoe County,"Nadeem Dean, CPA","158 Bowerman Blvd, Alliston, ON L9R 1N9, Canada",+1 416-302-2502,nadeem@deanaccounting.ca,http://www.deanaccounting.ca/,5,114,https://www.google.com/maps/search/?api=1&query=Nadeem%20Dean%2C%20CPA&query_place_id=ChIJ6e1vmgvvKogRz9FehtwjZYA
Accountants - Simcoe County,Accountor CPA Accounting Bookkeeping and Tax Experts,"25 Hart Dr Unit 14B, Barrie, ON L4N 5R8, Canada",+1 705-315-0293,info@accountor.ca,https://accountor.ca/?utm_source=google&utm_medium=organic&utm_campaign=google_my_business_barrie,5,59,https://www.google.com/maps/search/?api=1&query=Accountor%20CPA%20Accounting%20Bookkeeping%20and%20Tax%20Experts&query_place_id=ChIJKQU1Nc69KogRVhrfxa_05D8
Accountants - Simcoe County,Simcoe Tax Service,"Simcoe Tax Service by Paul Langdon, 330B Edgehill Dr, Barrie, ON L4N 9X4, Canada",+1 705-796-4625,filler@godaddy.com,http://simcoetaxservice.ca/,5,4,https://www.google.com/maps/search/?api=1&query=Simcoe%20Tax%20Service&query_place_id=ChIJB46VLlC9KogRgoWAPquXPWg
Accountants - Simcoe County,SGCPA Professional Corporation,"7291 ON-26, Stayner, ON L0M 1S0, Canada",+1 705-428-2171,info@sgcpapro.com,https://sgcpapro.com/,4.5,31,https://www.google.com/maps/search/?api=1&query=SGCPA%20Professional%20Corporation&query_place_id=ChIJf7AwLH2JKogRphYfYsa9eo8
Accountants - Simcoe County,"Clearview Professional Corporation, Chartered Professional Accountant",,+1 437-291-9168,info@clearviewprofessionalcorporation.ca,https://clearviewprofessionalcorporation.ca/,5,11,https://www.google.com/maps/search/?api=1&query=Clearview%20Professional%20Corporation%2C%20Chartered%20Professional%20Accountant&query_place_id=ChIJqe0cGs1aUa4Rs3VIw5RLiqQ
Accountants - Simcoe County,Whitton Accounting Services,"763 Norfolk St S #2, Simcoe, ON N3Y 4K2, Canada",+1 519-426-4447,whitton@kwic.com,http://whittonaccountingservices.ca/,5,1,https://www.google.com/maps/search/?api=1&query=Whitton%20Accounting%20Services&query_place_id=ChIJgWjcb8VNLIgR3-s7tUG98MQ
Accountants - Simcoe County,Accounting House Professional Accountants,"494 Veterans Dr Unit 4, Barrie, ON L4N 9J5, Canada",+1 705-726-1009,,http://www.accthouse.ca/,5,43,https://www.google.com/maps/search/?api=1&query=Accounting%20House%20Professional%20Accountants&query_place_id=ChIJOYkgF7m9KogRhLJKtlMPV60
Accountants - Simcoe County,Debbie Sitzer Professional Corporation,"250 Bayview Dr #9, Barrie, ON L4N 4Y8, Canada",+1 705-735-2550,,http://www.debbiesitzer.com/,4.8,34,https://www.google.com/maps/search/?api=1&query=Debbie%20Sitzer%20Professional%20Corporation&query_place_id=ChIJRfiQZz69KogRkBaXayj-ivU
Accountants - Simcoe County,Gold Bright Moneymatters,,+1 647-394-3270,,https://www.gbmoneymatrs.ca/,5,70,https://www.google.com/maps/search/?api=1&query=Gold%20Bright%20Moneymatters&query_place_id=ChIJj_uvblnVNKgRwGPKxz0KpC4
Accountants - Simcoe County,Dely & Associates,"49 Norfolk St N, Simcoe, ON N3Y 3N6, Canada",+1 519-426-8555,"office@delyaccounting.ca, lauren@delyaccounting.ca, nan@delyaccounting.ca",https://delyaccounting.ca/,4,4,https://www.google.com/maps/search/?api=1&query=Dely%20%26%20Associates&query_place_id=ChIJz0_i_dtNLIgRHWx3iQGjPUI
Accountants - Simcoe County,Natasha Richardson CPA Professional Corporation,,+1 289-470-1334,info@nhrcpa.ca,http://www.nhrcpa.ca/,5,8,https://www.google.com/maps/search/?api=1&query=Natasha%20Richardson%20CPA%20Professional%20Corporation&query_place_id=ChIJ7cHUOby3KogRVv5sfjceCvg
Accountants - Simcoe County,R&D Tax and Accounting Services,"80 Oak St, Simcoe, ON N3Y 3J8, Canada",+1 519-429-3800,,https://robdale-svcs.ca/,5,2,https://www.google.com/maps/search/?api=1&query=R%26D%20Tax%20and%20Accounting%20Services&query_place_id=ChIJv1vjrs5NLIgRgo-tLkVifL0
Financial Planners - Simcoe County,Tyler Horton - BMO Financial Planner,"23 Norfolk St S, Simcoe, ON N3Y 2V8, Canada",+1 519-426-1152,"BurgundyCompliance@burgundyasset.com, bmogamcompliance@bmo.com, bmoiicomplaints@bmo.com",https://financialplanner.bmo.com/on/simcoe/TYLER-23NSSS/,4.9,10,https://www.google.com/maps/search/?api=1&query=Tyler%20Horton%20-%20BMO%20Financial%20Planner&query_place_id=ChIJ_eBmu95NLIgRExM_sb_vG2g
Financial Planners - Simcoe County,Simcoe Wealth | Manulife Wealth Inc.,"531 Bayfield St Unit 110B, Barrie, ON L4M 4Z9, Canada",+1 705-734-0480,"josh.krar@manulifewealth.ca, patrick.beauchamp@manulifewealth.ca, erin.krar@manulifewealth.ca",http://www.simcoewealth.com/,,,https://www.google.com/maps/search/?api=1&query=Simcoe%20Wealth%20%7C%20Manulife%20Wealth%20Inc.&query_place_id=ChIJ-0mnf96jKogRMk62Xfd0E_Q
Financial Planners - Simcoe County,Walton Financial Group Inc,"126 Wellington St W #202, Barrie, ON L4N 1K9, Canada",+1 705-733-5200,info@waltonfinancial.ca,https://waltonfinancial.ca/,5,276,https://www.google.com/maps/search/?api=1&query=Walton%20Financial%20Group%20Inc&query_place_id=ChIJc3WvHTSYKogR42YddB_0bC0
Financial Planners - Simcoe County,Dunbrook Associates,"150 Dunlop St E #206, Barrie, ON L4M 6H1, Canada",(866) 730-7598,admin@dunbrook.ca,https://dunbrook.ca/,4.9,91,https://www.google.com/maps/search/?api=1&query=Dunbrook%20Associates&query_place_id=ChIJg_7UnueiKogRPmo4y6ONk1Y
Financial Planners - Simcoe County,Seven Elements Wealth Planning Inc.,"150 Dunlop St E Suite 201, Barrie, ON L4M 6H1, Canada",+1 705-812-1322,hello@sevenwealth.ca,http://www.sevenwealth.ca/,5,31,https://www.google.com/maps/search/?api=1&query=Seven%20Elements%20Wealth%20Planning%20Inc.&query_place_id=ChIJKRiiNNajKogRTmqB7mbrGpE
Financial Planners - Simcoe County,Atlantis Financial Inc. / Aligned Capital Partners Inc.,"48 Alliance Blvd Suite 201, Barrie, ON L4M 5K3, Canada",+1 705-726-6884,,http://www.atlantisfinancial.ca/,4.9,10,https://www.google.com/maps/search/?api=1&query=Atlantis%20Financial%20Inc.%20%2F%20Aligned%20Capital%20Partners%20Inc.&query_place_id=ChIJ6VEUwxGjKogRlJHs76K1w40
Financial Planners - Simcoe County,"Edward Jones - Financial Advisor: Jane Bradley, CEA®|DFSA™","22 Argyle St, Simcoe, ON N3Y 1V5, Canada",+1 519-900-0463,"john.smith@gmail.com, accessibility@edwardjones.com",https://www.edwardjones.ca/ca-en/financial-advisor/jane-bradley?y_source=1_MTYyMDUxNjQtNzE1LWxvY2F0aW9uLndlYnNpdGU%3D,5,12,https://www.google.com/maps/search/?api=1&query=Edward%20Jones%20-%20Financial%20Advisor%3A%20Jane%20Bradley%2C%20CEA%C2%AE%7CDFSA%E2%84%A2&query_place_id=ChIJkbWCWghPLIgRNC2wTpzFYHc
Financial Planners - Simcoe County,Jeffery Cook - Walton Financial Group Inc.,"126 Wellington St W Suite 202, Barrie, ON L4M 1K9, Canada",+1 705-896-0856,info@waltonfinancial.ca,http://www.waltonfinancial.ca/our-team/jeff-cook/,5,12,https://www.google.com/maps/search/?api=1&query=Jeffery%20Cook%20-%20Walton%20Financial%20Group%20Inc.&query_place_id=ChIJmcJYOLqjKogRmsbr-HGF9wA
Financial Planners - Simcoe County,Spectrum Financial Strategies Inc,"134 Collier St, Barrie, ON L4M 1H4, Canada",+1 705-725-0562,,http://spectrumfinancial.ca/,5,4,https://www.google.com/maps/search/?api=1&query=Spectrum%20Financial%20Strategies%20Inc&query_place_id=ChIJx9tZvJG8KogRKwFWlHSufQI
Financial Planners - Simcoe County,Financial Design Team Inc.,"258 Bayfield St, Barrie, ON L4M 3B7, Canada",+1 705-252-9010,melanie.adams@sunlife.com,https://advisor.sunlife.ca/melanie.adams/,4.8,18,https://www.google.com/maps/search/?api=1&query=Financial%20Design%20Team%20Inc.&query_place_id=ChIJ8VRwdtiiKogROcP4udkR8J8
Financial Planners - Simcoe County,Fortuna Financial Group,"1148 Snow Valley Rd Unit 1, Minesing, ON L9X 1J4, Canada",+1 705-720-1475,"ravella@fortunafg.ca, gary@fortunafg.ca, elizabeth@fortunafg.ca",http://fortunafinancialgroup.ca/,5,2,https://www.google.com/maps/search/?api=1&query=Fortuna%20Financial%20Group&query_place_id=ChIJocPbsjqjKogRlzFl0LpGpg4
Financial Planners - Simcoe County,Georgian Shores Wealth Management - Larry Buckley,"437 King St, Midland, ON L4R 3N3, Canada",+1 705-526-7526,"info@rrspman.com, larry@rrspman.com, shawn@rrspman.com",https://www.rrspman.com/,5,3,https://www.google.com/maps/search/?api=1&query=Georgian%20Shores%20Wealth%20Management%20-%20Larry%20Buckley&query_place_id=ChIJxQDANhrbKk0RpQBJP_62APw
Financial Planners - Simcoe County,McKay Insurance & Financial Services Inc,"23 Peel St, Simcoe, ON N3Y 1S1, Canada",+1 519-426-4595,"mckay.financial.services@sunlife.com, brent.mckay@sunlife.com, heather.dobias@sunlife.com",https://advisor.sunlife.ca/mckay.financial.services/,5,2,https://www.google.com/maps/search/?api=1&query=McKay%20Insurance%20%26%20Financial%20Services%20Inc&query_place_id=ChIJ8alQANxNLIgR4ggHi2vhFks
Financial Planners - Simcoe County,Wilimek Financial,,+1 416-500-0084,,https://calendly.com/wilimekfinancial/money-clarity-call,5,11,https://www.google.com/maps/search/?api=1&query=Wilimek%20Financial&query_place_id=ChIJUUKFo2mjKogR24A7DmOZvnA
Financial Planners - Simcoe County,Mc Cullough & Sawyer Financial,"111 Toronto St, Barrie, ON L4N 1V1, Canada",+1 705-725-7727,,http://www.mccullough-sawyer.ca/,,,https://www.google.com/maps/search/?api=1&query=Mc%20Cullough%20%26%20Sawyer%20Financial&query_place_id=ChIJb_uxW0G8KogR5AOgRjvZIms
Financial Planners - Simcoe County,A. Jones Wealth & Estate Planning Inc.,"40 Clapperton St, Barrie, ON L4M 3E7, Canada",+1 705-721-0450,officeadmin@ajwep.ca,https://aljones.ca/,5,1,https://www.google.com/maps/search/?api=1&query=A.%20Jones%20Wealth%20%26%20Estate%20Planning%20Inc.&query_place_id=ChIJwZUrLCmjKogRi8E14x_smpQ
Financial Planners - Simcoe County,IG Wealth Management,"55 Mulcaster St Suite 420, Barrie, ON L4M 0J4, Canada",+1 705-719-6773,,https://www.ig.ca/en/office/BarrieYork-Simcoe,4.6,7,https://www.google.com/maps/search/?api=1&query=IG%20Wealth%20Management&query_place_id=ChIJDR_h-za8KogRlFB-QzcHxqQ
Financial Planners - Simcoe County,Gane Financial,"80 Mary St, Barrie, ON L4N 1T1, Canada",+1 705-733-9595,,http://ganefinancial.com/,5,80,https://www.google.com/maps/search/?api=1&query=Gane%20Financial&query_place_id=ChIJ51pRjCmjKogRag650oJVJ9Q
Financial Planners - Simcoe County,Lilley Financial Group,"17 Martin St, Hillsdale, ON L0L 1V0, Canada",+1 705-835-7542,info@lilleyfinancial.ca,https://lilleyfg.ca/,5,2,https://www.google.com/maps/search/?api=1&query=Lilley%20Financial%20Group&query_place_id=ChIJkWpbKVjKKk0RVOqxBXpMSGE
Financial Planners - Simcoe County,Sun Life Financial Barrie-Simcoe-Muskoka,"62 Commerce Park Dr, Barrie, ON L4N 8W8, Canada",+1 705-737-3552,,,2.3,3,https://www.google.com/maps/search/?api=1&query=Sun%20Life%20Financial%20Barrie-Simcoe-Muskoka&query_place_id=ChIJZY7MkTe8KogRpl8mW0eld8I
Financial Planners - GTA,Merrick Financial | Advice Only Financial Planners,"53 Coleridge Ave, East York, ON M4C 4H4, Canada",+1 437-320-1672,info@merrickfinancial.ca,http://www.merrickfinancial.ca/,4.9,79,https://www.google.com/maps/search/?api=1&query=Merrick%20Financial%20%7C%20Advice%20Only%20Financial%20Planners&query_place_id=ChIJcaM4sCrN1IkR9I8CxPVgexY
Financial Planners - GTA,Objective Financial Partners Inc.,"East Tower, 675 Cochrane Dr 6th floor, Markham, ON L3R 0B8, Canada",+1 416-691-8471,"info@objectivecfp.com, info@objectivefinancialpartners.com",http://objectivefinancialpartners.com/,5,146,https://www.google.com/maps/search/?api=1&query=Objective%20Financial%20Partners%20Inc.&query_place_id=ChIJi_ArfksrK4gRMoeeL_MjSiQ
Financial Planners - GTA,Stonewater Financial Group,"1 York St 27th Floor, Toronto, ON M5J 0A6, Canada",+1 647-884-3533,"dave.giles@sunlife.com, karissa.binns@sunlife.com, jonathan.fiore@sunlife.com",https://advisor.sunlife.ca/stonewater.financial.group,5,79,https://www.google.com/maps/search/?api=1&query=Stonewater%20Financial%20Group&query_place_id=ChIJmb2favI1K4gRuNvvsYYkYmQ
Financial Planners - GTA,Novel Wealth,"25A Morrow Ave Suite 202, Toronto, ON M6R 2H9, Canada",+1 416-203-9500,"novel@novel-wealth.com, Katie@novel-wealth.com, Ryan@novel-wealth.com",https://www.novel-wealth.com/,5,254,https://www.google.com/maps/search/?api=1&query=Novel%20Wealth&query_place_id=ChIJCQ7YNtc1K4gRXPUwJJO5-Q0
Financial Planners - GTA,The McClelland Financial Group,"East Tower, 675 Cochrane Dr Suite 701, Markham, ON L3R 0B8, Canada",+1 905-771-5200,tmfg@assante.com,https://tmfg.ca/?utm_source=google&utm_medium=organic&utm_campaign=GMB,5,140,https://www.google.com/maps/search/?api=1&query=The%20McClelland%20Financial%20Group&query_place_id=ChIJ5fclZYosK4gRbDJ-i3z0GdI
Financial Planners - GTA,Flatiron Wealth Management Inc.,"49 Wellington St E #400, Toronto, ON M5E 1C9, Canada",+1 416-363-8880,"andrew@flatironwealth.com, catherine@qwealth.com, christian@flatironwealth.com",http://www.flatironwealth.com/,5,87,https://www.google.com/maps/search/?api=1&query=Flatiron%20Wealth%20Management%20Inc.&query_place_id=ChIJZXFhHS7L1IkRpnzT89G2tmA
Financial Planners - GTA,Wealth & Estate Financial Canada Inc.,"218 Export Blvd Suite 411, Mississauga, ON L5S 0A7, Canada",+1 905-232-9332,"seema.sharma@wefci.com, info@wefci.com, seema@wefci.com",http://wefci.com/,4.9,45,https://www.google.com/maps/search/?api=1&query=Wealth%20%26%20Estate%20Financial%20Canada%20Inc.&query_place_id=ChIJlzwW_8pAK4gRDfObMtB4wOY
Financial Planners - GTA,Buxton Financial For Retirement,"First Canadian Place, 100 King St W Suite 5600, Toronto, ON M5X 1C9, Canada",+1 416-628-4502,letschat@buxtonfinancial.ca,http://www.buxtonfinancial.ca/,4.9,48,https://www.google.com/maps/search/?api=1&query=Buxton%20Financial%20For%20Retirement&query_place_id=ChIJDw5V8m8tK4gRZ-BgM8nRlPY
Financial Planners - GTA,Legacy Financial,"287 Port Union Rd, Scarborough, ON M1C 2L3, Canada",+1 416-738-9721,"info@legacy-financial.ca, trevor@legacy-financial.ca",http://www.legacy-financial.ca/,5,87,https://www.google.com/maps/search/?api=1&query=Legacy%20Financial&query_place_id=ChIJJxBecLHU1IkRk5RlSxqXco8
Financial Planners - GTA,Shah Financial Planning Inc.,"10 Great Gulf Dr Suite 208, Concord, ON L4K 0K7, Canada",+1 905-669-5000,"info@shahfinancial.ca, Ekta@ShahFinancial.ca, ekta@shahfinancial.ca",http://www.shahfinancial.ca/,5,56,https://www.google.com/maps/search/?api=1&query=Shah%20Financial%20Planning%20Inc.&query_place_id=ChIJ9YIxVQMvK4gRwaJuCo37JoY
Financial Planners - GTA,Vida Financial Group Inc.,"1 High Meadow Pl Unit 8, 2nd Floor, North York, ON M9L 2Z5, Canada",+1 647-725-9663,"hello@vidafg.ca, kevin.moniz@vidafg.ca, faith.jonkman@vidafg.ca",http://www.vidafg.ca/,5,51,https://www.google.com/maps/search/?api=1&query=Vida%20Financial%20Group%20Inc.&query_place_id=ChIJ8fI1fkIVK4gRs3DwRBZnMYA
Financial Planners - GTA,Hudson Wealth & Trust Planning Group Inc - John Lysack,"325 Front St W 2nd Floor, Toronto, ON M5V 2Y1, Canada",+1 647-403-4233,"contact@hudsonwealth.ca, percy.pierre@hudsonwealth.ca, daniel.carroll@hudsonwealth.ca",https://hudsonwealth.ca/,5,32,https://www.google.com/maps/search/?api=1&query=Hudson%20Wealth%20%26%20Trust%20Planning%20Group%20Inc%20-%20John%20Lysack&query_place_id=ChIJ6-oSSoc1K4gR-26ttFypNJc
Financial Planners - GTA,"David Corrado, CFP - Certified Financial Planner","7300 Keele St Suite 103, Vaughan, ON L4K 0E5, Canada",+1 416-637-7220,,https://investia.ca/en/fiche-conseiller/conseiller/david-corrado,5,21,https://www.google.com/maps/search/?api=1&query=David%20Corrado%2C%20CFP%20-%20Certified%20Financial%20Planner&query_place_id=ChIJJ0KUlec5K4gRu3qxOTGgIG0
Financial Planners - GTA,Ferguson Financial Planning | CI Assante Wealth Management Ltd.,"350 Burnhamthorpe Rd W Suite 500, Mississauga, ON L5B 3J1, Canada",+1 905-277-7933,,https://www.fergusonfinancialplanning.com/?utm_source=google_my_business&utm_medium=google_search&utm_campaign=google_my_business_profile,4.9,72,https://www.google.com/maps/search/?api=1&query=Ferguson%20Financial%20Planning%20%7C%20CI%20Assante%20Wealth%20Management%20Ltd.&query_place_id=ChIJF1P5OBlHK4gR8L6RURXYNcE
Financial Planners - GTA,"Anna Knight, CFP - Personal Finance Experts & Founder Simplicity Financial Financial Advisor / Desjardins Independent Network","5070 Dixie Rd, Mississauga, ON L4W 1C9, Canada",+1 905-276-9456 ext. 4422,"info@simplicityfinancial.ca, annak@simplicityfinancial.ca, maria.foreman@dfsin.ca",http://www.simplicityfinancial.ca/,4.7,12,https://www.google.com/maps/search/?api=1&query=Anna%20Knight%2C%20CFP%20-%20Personal%20Finance%20Experts%20%26%20Founder%20Simplicity%20Financial%20Financial%20Advisor%20%2F%20Desjardins%20Independent%20Network&query_place_id=ChIJq8UCrNw5K4gRExqId1txhyA
Financial Planners - GTA,West End Wealth Planning - IPC Securities Corporation | Paul Barreca,"5399 Eglinton Ave W Suite 206, Etobicoke, ON M9C 5K6, Canada",+1 416-640-9990,,http://www.westendwealth.com/,5,36,https://www.google.com/maps/search/?api=1&query=West%20End%20Wealth%20Planning%20-%20IPC%20Securities%20Corporation%20%7C%20Paul%20Barreca&query_place_id=ChIJB0uT3rM5K4gRFOtO3tl8jo4
Financial Planners - GTA,CFS Wealth Management Inc.,"9131 Keele St Unit A4, Vaughan, ON L4K 0G7, Canada",(888) 451-6133,,http://www.cfswealth.ca/,5,319,https://www.google.com/maps/search/?api=1&query=CFS%20Wealth%20Management%20Inc.&query_place_id=ChIJZ1sPtRorK4gR-iegU8pXI3U
Financial Planners - GTA,Bellwether Family Wealth | North York | Beaches Financial Group,"170 The Donway W Suite 205, North York, ON M3C 2E8, Canada",+1 416-690-0911,"beaches@bellvest.ca, chris.jardine@bellvest.ca, mark.parlee@bellvest.ca",http://www.bellvest.ca/family-wealth-beaches/,5,49,https://www.google.com/maps/search/?api=1&query=Bellwether%20Family%20Wealth%20%7C%20North%20York%20%7C%20Beaches%20Financial%20Group&query_place_id=ChIJd5CJqGLN1IkR9NQlzctVZpo
Financial Planners - GTA,Pinnacle Reliance Financial Planning Inc.,"376 Lady Valentina Ave, Vaughan, ON L6A 4T9, Canada",+1 647-919-2129,"jun.chen@pinnaclereliance.com, JUN.CHEN@PINNACLERELIANCE.COM",http://www.pinnaclereliance.com/,5,39,https://www.google.com/maps/search/?api=1&query=Pinnacle%20Reliance%20Financial%20Planning%20Inc.&query_place_id=ChIJbZhBtAUpK4gRH3lLpOXlnK8
Financial Planners - GTA,SG Wealth Management,"7030 Woodbine Ave #500, Markham, ON L3R 6G2, Canada",+1 647-889-7290,,https://sgwealth.ca/,5,81,https://www.google.com/maps/search/?api=1&query=SG%20Wealth%20Management&query_place_id=ChIJN81j4fXV1IkRadGh0hkE-F0
Accountants - GTA,GTA Professional Accounting,"250 Consumers Rd, North York, ON M2J 4V6, Canada",+1 416-900-3826,"tax@gtaaccounting.ca, steve@gtaaccounting.ca, tax@gtaaccountinggroup.com",https://www.gtaaccounting.ca/tax-accountant-toronto,4.9,1205,https://www.google.com/maps/search/?api=1&query=GTA%20Professional%20Accounting&query_place_id=ChIJ5zS92rbT1IkRtMiykK-GGtk
Accountants - GTA,GTA Accounting Downtown Toronto,"260 Spadina Ave. #504, Toronto, ON M5T 2E4, Canada",+1 416-900-3826,"tax@gtaaccounting.ca, deep@gtaaccounting.ca, k.nathan@gtaaccounting.ca",https://www.gtaaccounting.ca/downtown-toronto/,4.4,58,https://www.google.com/maps/search/?api=1&query=GTA%20Accounting%20Downtown%20Toronto&query_place_id=ChIJj0S9Hsk1K4gRIkzlOCDiOkM
Accountants - GTA,GTA Accounting Mississauga,"5770 Duplicate Hurontario St Suite 102, Mississauga, ON L5R 3G5, Canada",+1 416-900-3826,"tax@gtaaccounting.ca, deep@gtaaccounting.ca, k.nathan@gtaaccounting.ca",https://www.gtaaccounting.ca/tax-accountant-mississauga/,4.6,412,https://www.google.com/maps/search/?api=1&query=GTA%20Accounting%20Mississauga&query_place_id=ChIJCTtLtpk5K4gRJAwZW-Cg5yI
Accountants - GTA,Ontario Tax Services & Accounting Solutions,"2300 Lawrence Ave E #3, Scarborough, ON M1P 2R2, Canada",+1 416-901-0500,"tax@otsas.ca, inquiry@otsas.ca, info@umcreatives.com",https://ontariotaxaccounting.ca/,4.9,150,https://www.google.com/maps/search/?api=1&query=Ontario%20Tax%20Services%20%26%20Accounting%20Solutions&query_place_id=ChIJW_s4OdjR1IkRtm4bLGCOq2I
Accountants - GTA,Faris CPA,"255 Duncan Mill Rd #604, North York, ON M3B 3H9, Canada",(844) 340-5771,info@fariscpa.com,https://fariscpa.com//?utm_source=GMB&utm_medium=organic&utm_campaign=gmb-website,5,378,https://www.google.com/maps/search/?api=1&query=Faris%20CPA&query_place_id=ChIJ1_iL01rS1IkRisKv49VLAak
Accountants - GTA,Leonard Tam CPA Team - Toronto Small Business Accountant,"Two Morneau Shepell Centre, 895 Don Mills Rd. Suite 900, North York, ON M3C 1W3, Canada",+1 437-500-6494,"//www.google.com/maps/place/Leonard+Tam+CPA+Team+-+Toronto+Small+Business+Accountant/@43.7792863, info@leonardtam.com, lt@leonardtam.com",http://leonardtam.com/?utm_source=google&utm_medium=organic&utm_campaign=gmb,4.8,138,https://www.google.com/maps/search/?api=1&query=Leonard%20Tam%20CPA%20Team%20-%20Toronto%20Small%20Business%20Accountant&query_place_id=ChIJ_-aINdLM1IkRUY9XscAAq5A
Accountants - GTA,"Orbit Accountants Toronto, Canada","161 Bay St. #2700, Toronto, ON M5J 2S1, Canada",(844) 654-2889,"info@orbitaccountants.ca, info@orbitaccountants.com",https://orbitaccountants.ca/local/toronto-bookkeeping,4.9,40,https://www.google.com/maps/search/?api=1&query=Orbit%20Accountants%20Toronto%2C%20Canada&query_place_id=ChIJJf3-NlM1K4gRep1_zo7sE1A
Accountants - GTA,Filing Taxes | Accountant Toronto,"401 Bay St. Suite 1600, Toronto, ON M5H 2Y4, Canada",+1 416-479-8532,"tax@filingtaxes.ca, Tax@filingtaxes.ca",https://filingtaxes.ca/,4.8,197,https://www.google.com/maps/search/?api=1&query=Filing%20Taxes%20%7C%20Accountant%20Toronto&query_place_id=ChIJ8XTjscU1K4gRZeR2xyk0UJ8
Accountants - GTA,Tax & Accounting - Arvind Grover CPA PC,"268 Derry Rd W #204, Mississauga, ON L5W 0H6, Canada",+1 647-401-1700,"tax@arvindcpa.com, savetax@arvindcpa.com",https://arvindcpa.com/,5,292,https://www.google.com/maps/search/?api=1&query=Tax%20%26%20Accounting%20-%20Arvind%20Grover%20CPA%20PC&query_place_id=ChIJtUnbHkEVK4gRwmC6UiY6HAI
Accountants - GTA,SAL ACCOUNTING,"330 Bay St. Unit 1401, Toronto, ON M5J 0B6, Canada",+1 416-848-8470,"tax@salaccounting.ca, Tax@salaccounting.ca",http://salaccounting.ca/?&utm_source=google&utm_medium=organic&utm_campaign=gbp-toronto-website-link,5,86,https://www.google.com/maps/search/?api=1&query=SAL%20ACCOUNTING&query_place_id=ChIJpzSDZOQ1K4gR5x8FvfkFgcE
Accountants - GTA,Gondaliya CPA | AFFORDABLE Corporation Tax Accountant | Affordable Accounting Firm for Corporate Tax Filing,"168 Simcoe St Unit 1118, Toronto, ON M5H 4C9, Canada",+1 647-212-9559,"info@gondaliyacpa.ca, sharad@gondaliyacpa.ca, vandana@gondaliyacpa.ca",http://gondaliyacpa.ca/,5,761,https://www.google.com/maps/search/?api=1&query=Gondaliya%20CPA%20%7C%20AFFORDABLE%20Corporation%20Tax%20Accountant%20%7C%20Affordable%20Accounting%20Firm%20for%20Corporate%20Tax%20Filing&query_place_id=ChIJGXtw9M09FQkR0Dzf9azqCGA
Accountants - GTA,SAL ACCOUNTING,"55 Village Centre Pl Suite 734, Mississauga, ON L4Z 1V9, Canada",+1 416-848-8470,"tax@salaccounting.ca, Tax@salaccounting.ca",https://salaccounting.ca/mississauga/?&utm_source=google&utm_medium=organic&utm_campaign=gbp-mississauga-website-link,4.9,112,https://www.google.com/maps/search/?api=1&query=SAL%20ACCOUNTING&query_place_id=ChIJNbtTTXpvK4gRJM4RBBVBksc
Accountants - GTA,GTA Professional Accounting | TaxMisers,"1056 Wilson Ave, North York, ON M3K 1G6, Canada",+1 416-398-2937,,http://www.taxmisers.com/,4.2,33,https://www.google.com/maps/search/?api=1&query=GTA%20Professional%20Accounting%20%7C%20TaxMisers&query_place_id=ChIJBctlDoMxK4gRMqgoeXT4XkI
Accountants - GTA,Optimal Accounting & Tax Solutions,"70 Jutland Rd Unit 17, Second Floor, Etobicoke, ON M8Z 0G7, Canada",+1 416-887-2122,info@optimaltax.ca,http://www.optimaltax.ca/,4.9,51,https://www.google.com/maps/search/?api=1&query=Optimal%20Accounting%20%26%20Tax%20Solutions&query_place_id=ChIJfen8TU5HK4gRSu67mW2EvVk
Accountants - GTA,Capstone LLP Chartered Professional Accountants,"1446 Don Mills Rd., North York, ON M3B 3N3, Canada",+1 416-551-0760,,https://www.capstonellp.ca/,5,50,https://www.google.com/maps/search/?api=1&query=Capstone%20LLP%20Chartered%20Professional%20Accountants&query_place_id=ChIJK-U3lAvN1IkRnOWDHiUpC7I
Accountants - GTA,Maroof HS CPA Professional Corporation,"320 Bay St. Suite 101, Off 469, Toronto, ON M5H 4A6, Canada",+1 647-724-4308,"Canada@MaroofHS.com, Canada@Maroofhs.com, Canada@maroofhs.com",http://www.maroofhs.com/,4.9,154,https://www.google.com/maps/search/?api=1&query=Maroof%20HS%20CPA%20Professional%20Corporation&query_place_id=ChIJU5Y-fpE7K4gRZyKLAw1Ly0w
Accountants - GTA,MiAccounting & Income Tax Inc.,"2447 Yonge St 2nd Floor, Toronto, ON M4P 2E7, Canada",+1 647-727-9684,info@miaccounting.ca,https://www.miaccounting.ca/,4.8,224,https://www.google.com/maps/search/?api=1&query=MiAccounting%20%26%20Income%20Tax%20Inc.&query_place_id=ChIJjTov04wvK4gRn7zg8hgRH44
Accountants - GTA,CPA4IT,"180 John St Suite 100, Toronto, ON M5T 1X5, Canada",(844) 731-0601,"contact@cpa4it.ca, Contact@CPA4IT.ca, Nicholasangela319@gmail.com",https://cpa4it.ca/contact/?utm_source=google&utm_medium=organic&utm_campaign=gmb,4.5,176,https://www.google.com/maps/search/?api=1&query=CPA4IT&query_place_id=ChIJYc7d8VLL1IkRxTX0hfUe2fk
Accountants - GTA,Muhammad Nasrullah CPA Professional Corporation,"2365 Finch Ave W, North York, ON M9M 2C6, Canada",+1 416-748-0817,"muhammad@nasrullahcga.com, Muhammad@nasrullahcga.com",https://nasrullahcga.com/,4.9,204,https://www.google.com/maps/search/?api=1&query=Muhammad%20Nasrullah%20CPA%20Professional%20Corporation&query_place_id=ChIJXTgTcRMwK4gRO4ng4jDJAV8
Accountants - GTA,Lotus Accounting Professional Corporation,"305 Milner Ave Suite 304, Scarborough, ON M1B 3V4, Canada",+1 416-904-2013,,http://www.lotusaccounting.ca/,4.9,77,https://www.google.com/maps/search/?api=1&query=Lotus%20Accounting%20Professional%20Corporation&query_place_id=ChIJt-SQWmfX1IkRDhii_5f_m4g
